month,product_type,n_transactions,n_approved,n_declined,n_pending,n_reversed,pct_approved,pct_declined,pct_pending
2025-06,credit,29850,27454,1540,566,290,92.0,5.2,1.9
2025-06,debit,11926,10940,624,237,125,91.7,5.2,2.0
2025-06,other,77012,70798,3842,1555,817,91.9,5.0,2.0
2025-07,credit,31648,29119,1603,606,320,92.0,5.1,1.9
2025-07,debit,12761,11687,658,275,141,91.6,5.2,2.2
2025-07,other,82473,75835,4173,1618,847,92.0,5.1,2.0
2025-08,credit,31495,28915,1603,632,345,91.8,5.1,2.0
2025-08,debit,12431,11401,640,258,132,91.7,5.1,2.1
2025-08,other,82113,75616,4087,1596,814,92.1,5.0,1.9
2025-09,credit,29695,27292,1491,578,334,91.9,5.0,1.9
2025-09,debit,11759,10836,588,220,115,92.2,5.0,1.9
2025-09,other,77109,70861,3857,1576,815,91.9,5.0,2.0
2025-10,credit,32298,29723,1635,612,328,92.0,5.1,1.9
2025-10,debit,12869,11835,662,252,120,92.0,5.1,2.0
2025-10,other,84101,77410,4149,1693,849,92.0,4.9,2.0
2025-11,credit,30239,27841,1492,602,304,92.1,4.9,2.0
2025-11,debit,11985,11004,630,231,120,91.8,5.3,1.9
2025-11,other,78551,72144,3979,1636,792,91.8,5.1,2.1
2025-12,credit,30568,28134,1546,601,287,92.0,5.1,2.0
2025-12,debit,12113,11196,570,252,95,92.4,4.7,2.1
2025-12,other,79701,73451,3946,1547,757,92.2,5.0,1.9
2026-01,credit,30571,28140,1505,603,323,92.0,4.9,2.0
2026-01,debit,12099,11149,604,239,107,92.1,5.0,2.0
2026-01,other,79292,72945,4013,1535,799,92.0,5.1,1.9
2026-02,credit,28669,26346,1477,562,284,91.9,5.2,2.0
2026-02,debit,11518,10611,580,220,107,92.1,5.0,1.9
2026-02,other,74911,68863,3799,1519,730,91.9,5.1,2.0
2026-03,credit,30972,28546,1489,642,295,92.2,4.8,2.1
2026-03,debit,12090,11089,623,242,136,91.7,5.2,2.0
2026-03,other,80853,74548,3917,1596,792,92.2,4.8,2.0
2026-04,credit,31691,29163,1591,637,300,92.0,5.0,2.0
2026-04,debit,12607,11603,630,262,112,92.0,5.0,2.1
2026-04,other,82194,75684,4041,1684,785,92.1,4.9,2.0
2026-05,credit,32046,29460,1626,636,324,91.9,5.1,2.0
2026-05,debit,12561,11553,609,268,131,92.0,4.8,2.1
2026-05,other,82952,76415,4090,1625,822,92.1,4.9,2.0
