month,category,n_complaints,n_w3,n_month,n_w3_month,pct_w3_month
2023-06,Branch,154,0,796,294,36.9
2023-06,Fees,154,129,796,294,36.9
2023-06,Service,163,0,796,294,36.9
2023-06,Technical,156,0,796,294,36.9
2023-06,Transactions,169,165,796,294,36.9
2023-07,Branch,393,0,1883,721,38.3
2023-07,Fees,412,354,1883,721,38.3
2023-07,Service,359,0,1883,721,38.3
2023-07,Technical,334,0,1883,721,38.3
2023-07,Transactions,385,367,1883,721,38.3
2023-08,Branch,386,0,1915,700,36.6
2023-08,Fees,365,302,1915,700,36.6
2023-08,Service,361,0,1915,700,36.6
2023-08,Technical,389,0,1915,700,36.6
2023-08,Transactions,414,398,1915,700,36.6
2023-09,Branch,357,0,1811,666,36.8
2023-09,Fees,374,312,1811,666,36.8
2023-09,Service,347,0,1811,666,36.8
2023-09,Technical,372,0,1811,666,36.8
2023-09,Transactions,361,354,1811,666,36.8
2023-10,Branch,363,0,1872,665,35.5
2023-10,Fees,384,321,1872,665,35.5
2023-10,Service,387,0,1872,665,35.5
2023-10,Technical,375,0,1872,665,35.5
2023-10,Transactions,363,344,1872,665,35.5
2023-11,Branch,396,0,1835,625,34.1
2023-11,Fees,360,298,1835,625,34.1
2023-11,Service,347,0,1835,625,34.1
2023-11,Technical,379,0,1835,625,34.1
2023-11,Transactions,353,327,1835,625,34.1
2023-12,Branch,397,0,1954,705,36.1
2023-12,Fees,405,355,1954,705,36.1
2023-12,Service,378,0,1954,705,36.1
2023-12,Technical,402,0,1954,705,36.1
2023-12,Transactions,372,350,1954,705,36.1
2024-01,Branch,360,0,1887,700,37.1
2024-01,Fees,377,326,1887,700,37.1
2024-01,Service,375,0,1887,700,37.1
2024-01,Technical,385,0,1887,700,37.1
2024-01,Transactions,390,374,1887,700,37.1
2024-02,Branch,330,0,1726,649,37.6
2024-02,Fees,377,331,1726,649,37.6
2024-02,Service,307,0,1726,649,37.6
2024-02,Technical,377,0,1726,649,37.6
2024-02,Transactions,335,318,1726,649,37.6
2024-03,Branch,382,0,1925,671,34.9
2024-03,Fees,380,317,1925,671,34.9
2024-03,Service,389,0,1925,671,34.9
2024-03,Technical,403,0,1925,671,34.9
2024-03,Transactions,371,354,1925,671,34.9
2024-04,Branch,363,0,1867,716,38.4
2024-04,Fees,371,314,1867,716,38.4
2024-04,Service,367,0,1867,716,38.4
2024-04,Technical,342,0,1867,716,38.4
2024-04,Transactions,424,402,1867,716,38.4
2024-05,Branch,394,0,1822,633,34.7
2024-05,Fees,382,307,1822,633,34.7
2024-05,Service,330,0,1822,633,34.7
2024-05,Technical,367,0,1822,633,34.7
2024-05,Transactions,349,326,1822,633,34.7
2024-06,Branch,363,0,1833,687,37.5
2024-06,Fees,395,335,1833,687,37.5
2024-06,Service,348,0,1833,687,37.5
2024-06,Technical,356,0,1833,687,37.5
2024-06,Transactions,371,352,1833,687,37.5
2024-07,Branch,366,0,1901,687,36.1
2024-07,Fees,376,317,1901,687,36.1
2024-07,Service,385,0,1901,687,36.1
2024-07,Technical,389,0,1901,687,36.1
2024-07,Transactions,385,370,1901,687,36.1
2024-08,Branch,353,0,1887,672,35.6
2024-08,Fees,385,322,1887,672,35.6
2024-08,Service,372,0,1887,672,35.6
2024-08,Technical,398,0,1887,672,35.6
2024-08,Transactions,379,350,1887,672,35.6
2024-09,Branch,371,0,1835,691,37.7
2024-09,Fees,374,330,1835,691,37.7
2024-09,Service,344,0,1835,691,37.7
2024-09,Technical,370,0,1835,691,37.7
2024-09,Transactions,376,361,1835,691,37.7
2024-10,Branch,373,0,1883,716,38.0
2024-10,Fees,381,341,1883,716,38.0
2024-10,Service,373,0,1883,716,38.0
2024-10,Technical,360,0,1883,716,38.0
2024-10,Transactions,396,375,1883,716,38.0
2024-11,Branch,375,0,1878,663,35.3
2024-11,Fees,372,314,1878,663,35.3
2024-11,Service,394,0,1878,663,35.3
2024-11,Technical,368,0,1878,663,35.3
2024-11,Transactions,369,349,1878,663,35.3
2024-12,Branch,386,0,1874,669,35.7
2024-12,Fees,396,332,1874,669,35.7
2024-12,Service,367,0,1874,669,35.7
2024-12,Technical,370,0,1874,669,35.7
2024-12,Transactions,355,337,1874,669,35.7
2025-01,Branch,393,0,2001,731,36.5
2025-01,Fees,417,363,2001,731,36.5
2025-01,Service,389,0,2001,731,36.5
2025-01,Technical,407,0,2001,731,36.5
2025-01,Transactions,395,368,2001,731,36.5
2025-02,Branch,355,0,1740,665,38.2
2025-02,Fees,373,317,1740,665,38.2
2025-02,Service,314,0,1740,665,38.2
2025-02,Technical,337,0,1740,665,38.2
2025-02,Transactions,361,348,1740,665,38.2
2025-03,Branch,345,0,1772,673,38.0
2025-03,Fees,363,316,1772,673,38.0
2025-03,Service,356,0,1772,673,38.0
2025-03,Technical,328,0,1772,673,38.0
2025-03,Transactions,380,357,1772,673,38.0
2025-04,Branch,348,0,1787,654,36.6
2025-04,Fees,365,311,1787,654,36.6
2025-04,Service,341,0,1787,654,36.6
2025-04,Technical,370,0,1787,654,36.6
2025-04,Transactions,363,343,1787,654,36.6
2025-05,Branch,359,0,1884,673,35.7
2025-05,Fees,391,320,1884,673,35.7
2025-05,Service,354,0,1884,673,35.7
2025-05,Technical,408,0,1884,673,35.7
2025-05,Transactions,372,353,1884,673,35.7
2025-06,Branch,365,0,1818,647,35.6
2025-06,Fees,344,302,1818,647,35.6
2025-06,Service,379,0,1818,647,35.6
2025-06,Technical,368,0,1818,647,35.6
2025-06,Transactions,362,345,1818,647,35.6
2025-07,Branch,422,0,1973,686,34.8
2025-07,Fees,371,312,1973,686,34.8
2025-07,Service,375,0,1973,686,34.8
2025-07,Technical,411,0,1973,686,34.8
2025-07,Transactions,394,374,1973,686,34.8
2025-08,Branch,390,0,1906,681,35.7
2025-08,Fees,351,290,1906,681,35.7
2025-08,Service,400,0,1906,681,35.7
2025-08,Technical,354,0,1906,681,35.7
2025-08,Transactions,411,391,1906,681,35.7
2025-09,Branch,373,0,1765,663,37.6
2025-09,Fees,360,314,1765,663,37.6
2025-09,Service,322,0,1765,663,37.6
2025-09,Technical,338,0,1765,663,37.6
2025-09,Transactions,372,349,1765,663,37.6
2025-10,Branch,395,0,1972,716,36.3
2025-10,Fees,377,326,1972,716,36.3
2025-10,Service,407,0,1972,716,36.3
2025-10,Technical,389,0,1972,716,36.3
2025-10,Transactions,404,390,1972,716,36.3
2025-11,Branch,353,0,1806,650,36.0
2025-11,Fees,352,304,1806,650,36.0
2025-11,Service,374,0,1806,650,36.0
2025-11,Technical,369,0,1806,650,36.0
2025-11,Transactions,358,346,1806,650,36.0
2025-12,Branch,394,0,1928,682,35.4
2025-12,Fees,372,313,1928,682,35.4
2025-12,Service,389,0,1928,682,35.4
2025-12,Technical,380,0,1928,682,35.4
2025-12,Transactions,393,369,1928,682,35.4
2026-01,Branch,354,0,1939,695,35.8
2026-01,Fees,393,337,1939,695,35.8
2026-01,Service,426,0,1939,695,35.8
2026-01,Technical,394,0,1939,695,35.8
2026-01,Transactions,372,358,1939,695,35.8
2026-02,Branch,375,0,1706,615,36.0
2026-02,Fees,325,283,1706,615,36.0
2026-02,Service,350,0,1706,615,36.0
2026-02,Technical,305,0,1706,615,36.0
2026-02,Transactions,351,332,1706,615,36.0
2026-03,Branch,372,0,1962,723,36.9
2026-03,Fees,394,333,1962,723,36.9
2026-03,Service,376,0,1962,723,36.9
2026-03,Technical,413,0,1962,723,36.9
2026-03,Transactions,407,390,1962,723,36.9
2026-04,Branch,358,0,1863,680,36.5
2026-04,Fees,364,305,1863,680,36.5
2026-04,Service,356,0,1863,680,36.5
2026-04,Technical,391,0,1863,680,36.5
2026-04,Transactions,394,375,1863,680,36.5
2026-05,Branch,332,0,1825,691,37.9
2026-05,Fees,393,336,1825,691,37.9
2026-05,Service,363,0,1825,691,37.9
2026-05,Technical,362,0,1825,691,37.9
2026-05,Transactions,375,355,1825,691,37.9
2026-06,Branch,216,0,1064,376,35.3
2026-06,Fees,228,189,1064,376,35.3
2026-06,Service,230,0,1064,376,35.3
2026-06,Technical,191,0,1064,376,35.3
2026-06,Transactions,199,187,1064,376,35.3
