table_name,kind,name,numerator,denominator,pct
customers,rows,*,150000,150000,100.0
customers,null,country,0,150000,0.0
customers,null,segment,0,150000,0.0
customers,null,customer_status,0,150000,0.0
customers,null,registration_date,0,150000,0.0
customers,flag,qc_future_last_updated,5957,150000,4.0
customers,flag,qc_label_normalized,0,150000,0.0
products,rows,*,400000,400000,100.0
products,null,customer_id,0,400000,0.0
products,null,product_type,0,400000,0.0
products,null,product_status,0,400000,0.0
products,null,opening_date,0,400000,0.0
products,null,credit_limit,274683,400000,68.7
products,flag,qc_customer_orphan,0,400000,0.0
products,flag,qc_future_last_updated,15939,400000,4.0
transactions,rows,*,1477723,1477723,100.0
transactions,null,customer_id,0,1477723,0.0
transactions,null,product_id,0,1477723,0.0
transactions,null,amount,0,1477723,0.0
transactions,null,transaction_status,0,1477723,0.0
transactions,null,merchant_category,1134287,1477723,76.8
transactions,null,fraud_score,296152,1477723,20.0
transactions,flag,qc_customer_orphan,0,1477723,0.0
transactions,flag,qc_product_orphan,0,1477723,0.0
transactions,flag,qc_product_other_customer,0,1477723,0.0
transactions,flag,qc_before_product_open,100659,1477723,6.8
transactions,flag,qc_future_date,0,1477723,0.0
transactions,flag,qc_late_arrival,0,1477723,0.0
transactions,flag,qc_label_normalized,13416,1477723,0.9
complaints,rows,*,67095,67095,100.0
complaints,null,customer_id,0,67095,0.0
complaints,null,category,0,67095,0.0
complaints,null,case_type,0,67095,0.0
complaints,null,claimed_amount,45344,67095,67.6
complaints,null,affected_product_id,22525,67095,33.6
complaints,null,resolution_date,51746,67095,77.1
complaints,flag,qc_customer_orphan,0,67095,0.0
complaints,flag,qc_affected_product_orphan,0,67095,0.0
complaints,flag,qc_affected_product_other_customer,44570,67095,66.4
complaints,flag,qc_future_date,0,67095,0.0
complaints,flag,qc_late_arrival,0,67095,0.0
