month,n_complaints,n_first_response,n_no_first_response,days_to_first_response_p50,days_to_first_response_mean,n_escalated,n_sla_breached,n_resolved,resolution_days_p50
2025-06,647,397,250,1.583,1.588,37,126,142,17.5
2025-07,686,414,272,1.458,1.508,48,139,153,15.0
2025-08,681,411,270,1.583,1.562,44,132,156,16.0
2025-09,663,416,247,1.5,1.553,23,132,174,14.0
2025-10,716,429,287,1.583,1.574,37,132,165,15.0
2025-11,650,402,248,1.5,1.547,33,103,151,16.0
2025-12,682,430,252,1.604,1.594,24,139,165,15.0
2026-01,695,437,258,1.542,1.57,43,141,162,13.0
2026-02,615,399,216,1.583,1.593,24,133,139,15.0
2026-03,723,438,285,1.625,1.6,46,135,169,17.0
2026-04,680,437,243,1.583,1.558,25,155,175,16.0
2026-05,691,414,277,1.458,1.481,43,152,168,15.0
total,8129,5024,3105,1.542,1.561,427,1619,1919,16.0
