id,claim,pitch_value,measured_value,matches_when_rounded,query,output_csv,column,row_filter,eda_source,appears_in,action,note
N01,% of complaints that are W3 (unrecognized charges + wrongful charges),36.4,36.413,True,queries/pitch/p01_w3_share_complaints.sql,queries/pitch/p01_w3_share_complaints.csv,pct_w3,,`03_apply_mapping.sql` → `03_coverage_summary.csv` (pct_W3_disputes),docs/pitch/pitch_brief.md; docs/eda/findings.md,use as is,
N02,W3 cases per month,679,678.9,True,queries/pitch/p01_w3_share_complaints.sql,queries/pitch/p01_w3_share_complaints.csv,w3_per_month,,`04_complaints_base.sql` → `04_workflow_scorecard.csv` (volumen_mensual_complaints),docs/pitch/pitch_brief.md; docs/eda/executive_summary.md; docs/eda/findings.md,use as is,Mean over 35 full months; the % in N01 uses the whole window.
N03,FCR of `Queja` contacts,43.6,43.6,True,queries/pitch/p02_fcr_complaint_vs_bank.sql,queries/pitch/p02_fcr_complaint_vs_bank.csv,fcr_pct,"group_name = Queja (W3, INT-02)",`04_interactions_base.sql` → `04_workflow_scorecard.csv` (fcr_pct),docs/pitch/pitch_brief.md; docs/eda/executive_summary.md; docs/eda/findings.md,use as is,"CI95 [43.316, 43.884], n = 117,021. `Queja` contacts → W3 is a low-confidence rule (INT-02)."
N04,Bank-wide FCR,76.6,76.648,True,queries/pitch/p02_fcr_complaint_vs_bank.sql,queries/pitch/p02_fcr_complaint_vs_bank.csv,fcr_pct,group_name = Whole bank,"`04_interactions_base.sql` → `04_workflow_scorecard.csv` (ALL, fcr_pct)",docs/pitch/pitch_brief.md; docs/eda/executive_summary.md; docs/eda/findings.md,"use as is, against ALL","n = 686,296. In `04_workflow_scorecard.csv` the W2 column gives almost the same value because its population is a random mix of reasons; compare against ALL, not against W2."
N05,% of `Queja` contacts that require follow-up,63.0,62.968,True,queries/pitch/p03_complaint_follow_up.sql,queries/pitch/p03_complaint_follow_up.csv,follow_up_pct,"group_name = Queja (W3, INT-02)",`04_interactions_base.sql` → `04_workflow_scorecard.csv` (seguimiento_pct),docs/pitch/pitch_brief.md; docs/eda/findings.md,use as is,Bank: 34.832%.
N06,"Duration of `Queja` contacts (""AHT 7.2"")",7.2,7.183,True,queries/pitch/p04_complaint_duration_vs_bank.sql,queries/pitch/p04_complaint_duration_vs_bank.csv,duration_p50_min,"group_name = Queja (W3, INT-02)",`04_interactions_base.sql` → `04_workflow_scorecard.csv` (duracion_p50_min); `06_cost_base.sql` → `06_cost_by_workflow.csv` (aht_mean_min),docs/pitch/pitch_brief.md; docs/eda/findings.md; docs/eda/workflows/W3_disputes.md,use as is,"Median 7.183 min; mean (AHT, full months) 7.243 min. Both round to 7.2."
N07,"Bank duration (""vs 4.9"")",4.9,4.85,True,queries/pitch/p04_complaint_duration_vs_bank.sql,queries/pitch/p04_complaint_duration_vs_bank.csv,duration_p50_min,group_name = Whole bank,"`04_interactions_base.sql` → `04_workflow_scorecard.csv` (ALL, duracion_p50_min)",docs/pitch/pitch_brief.md,**change wording**,"**It is the median (4.85 min), not the AHT.** The bank's mean AHT is 5.358 min. ""AHT 7.2 vs 4.9"" compares a mean with a median: use ""median duration 7.183 vs 4.85 min"" or ""AHT 7.243 vs 5.358 min""."
N08,NPS of `Queja` contacts,-85.3,-85.316,True,queries/pitch/p05_complaint_nps_vs_bank.sql,queries/pitch/p05_complaint_nps_vs_bank.csv,nps,"group_name = Queja (W3, INT-02)",`04_interactions_base.sql` → `04_workflow_scorecard.csv` (nps),docs/pitch/pitch_brief.md; docs/eda/executive_summary.md; docs/eda/findings.md; docs/eda/workflows/W3_disputes.md,use as a relative comparison,"n = 10,821; observed scale 2–7, 0 promoters: NPS = −% detractors. Bank: -74.508. Only valid as a relative comparison."
N09,Resolution days p50 of W3 complaints,16,16.0,True,queries/pitch/p06_w3_resolution_days.sql,queries/pitch/p06_w3_resolution_days.csv,resolution_days_p50,group_name = W3 (CMP-01..03),`04_complaints_base.sql` → `04_workflow_scorecard.csv` (resolucion_dias_p50),docs/pitch/pitch_brief.md; docs/eda/findings.md,"use only as context, not as pain","Same as the bank (16.0 days): does not set W3 apart; n = 5,622 resolved cases."
N10,Frauds per month,120,119.8,True,queries/pitch/p07_fraud_per_month.sql,queries/pitch/p07_fraud_per_month.csv,frauds_per_month,,`04_trigger_events_monthly.sql` → `04_trigger_events_summary.csv` (TRX-01),docs/pitch/pitch_brief.md; docs/eda/findings.md,use as is,"4,316 frauds in total (0.098% of transactions); 891 without `fraud_score`."
N11,Precision with `fraud_score` ≥ 50,100,100.0,True,queries/pitch/p08_fraud_score_thresholds.sql,queries/pitch/p08_fraud_score_thresholds.csv,precision_pct,threshold = 50,`05_fraud_score_thresholds.sql` → `05_fraud_score_thresholds.csv`,docs/pitch/pitch_brief.md; docs/eda/executive_summary.md; docs/eda/findings.md,"use as ""historical precision""","1,670 of 1,670 flagged are fraud. Historical precision over the whole window, not a held-out set."
N12,Recall with `fraud_score` ≥ 50,48.8,48.76,True,queries/pitch/p08_fraud_score_thresholds.sql,queries/pitch/p08_fraud_score_thresholds.csv,recall_with_score_pct,threshold = 50,`05_fraud_score_thresholds.sql` → `05_fraud_score_thresholds.csv`,docs/pitch/pitch_brief.md; docs/eda/executive_summary.md; docs/eda/findings.md; docs/eda/workflows/W3_disputes.md,**clarify denominator**,"**Denominator: frauds with a score** (3,425). Over all frauds (4,316) the recall is 38.69%."
N13,Precision with `fraud_score` ≥ 30,79.6,79.58,True,queries/pitch/p08_fraud_score_thresholds.sql,queries/pitch/p08_fraud_score_thresholds.csv,precision_pct,threshold = 30,`05_fraud_score_thresholds.sql` → `05_fraud_score_thresholds.csv`,docs/pitch/pitch_brief.md; docs/eda/findings.md; docs/eda/workflows/W3_disputes.md,use as is,
N14,Recall with `fraud_score` ≥ 30,69.3,69.28,True,queries/pitch/p08_fraud_score_thresholds.sql,queries/pitch/p08_fraud_score_thresholds.csv,recall_with_score_pct,threshold = 30,`05_fraud_score_thresholds.sql` → `05_fraud_score_thresholds.csv`,docs/eda/executive_summary.md; docs/eda/findings.md,use as is,Over all frauds: 54.98%.
N15,Transactions flagged per month with ≥ 50,45,45.1,True,queries/pitch/p08_fraud_score_thresholds.sql,queries/pitch/p08_fraud_score_thresholds.csv,flagged_per_month_37,threshold = 50,`05_fraud_score_thresholds.sql` → `05_fraud_score_thresholds.csv` (flagged_per_month),docs/eda/findings.md,**clarify monthly base**,"The EDA divides by 37 calendar months. With the ""120 frauds/month"" base (35 full months) it is 46.3/month."
